R;e;p;l;a;c;e;d; ;L;i;n;e
Jason;Houston;29;male;video games;QA
Alice;Cooper;21;female;sport;software engineer
Jason;Houston;29;male;video games;QA
Alice;Cooper;21;female;sport;software engineer
Jason;Houston;29;male;video games;QA
Alice;Cooper;21;female;sport;software engineer
Jason;Houston;29;male;video games;QA
Alice;Cooper;21;female;sport;software engineer
Jason;Houston;29;male;video games;QA
Alice;Cooper;21;female;sport;software engineer
Jason;Houston;29;male;video games;QA
Alice;Cooper;21;female;sport;software engineer
Jason;Houston;29;male;video games;QA
Alice;Cooper;21;female;sport;software engineer
Jason;Houston;29;male;video games;QA
Alice;Cooper;21;female;sport;software engineer
Jason;Houston;29;male;video games;QA
Alice;Cooper;21;female;sport;software engineer
Jason;Houston;29;male;video games;QA
Alice;Cooper;21;female;sport;software engineer
Jason;Houston;29;male;video games;QA
Alice;Cooper;21;female;sport;software engineer
Jason;Houston;29;male;video games;QA
Alice;Cooper;21;female;sport;software engineer
Jason;Houston;29;male;video games;QA
Alice;Cooper;21;female;sport;software engineer
Jason;Houston;29;male;video games;QA
Alice;Cooper;21;female;sport;software engineer
Jason;Houston;29;male;video games;QA
Alice;Cooper;21;female;sport;software engineer
Jason;Houston;29;male;video games;QA
Alice;Cooper;21;female;sport;software engineer
Jason;Houston;29;male;video games;QA
Alice;Cooper;21;female;sport;software engineer
Jason;Houston;29;male;video games;QA
Alice;Cooper;21;female;sport;software engineer
Jason;Houston;29;male;video games;QA
Alice;Cooper;21;female;sport;software engineer
Jason;Houston;29;male;video games;QA
Alice;Cooper;21;female;sport;software engineer
